{
  "coherence": {
    "amn": {
      "mean": 0.8890724396703333,
      "ci": 0.003853815757601306,
      "values": [
        0.8924769990710787,
        0.8880321498918017,
        0.8935338197667049,
        0.8996612089948562,
        0.8873609263769366,
        0.8873610413013557,
        0.9000544897085517,
        0.8943720431040704,
        0.8857136792984553,
        0.8927979203051017,
        0.8857560761503128,
        0.8857398917250082,
        0.8906937359009622,
        0.8756070382873954,
        0.8769255751724088
      ]
    },
    "baseline": {
      "mean": 0.8645202191556811,
      "ci": 0.003877007966891439,
      "values": [
        0.8629394122368312,
        0.8588845199169902,
        0.8708282259933574,
        0.8598277833203091,
        0.8552892666879823,
        0.8811908389202939,
        0.8659680132956211,
        0.8686077538421914,
        0.8551772663240789,
        0.8631005554792733,
        0.8689983033073888,
        0.8576410578031992,
        0.871381282165111,
        0.8625942517907308,
        0.8653747562518606
      ]
    },
    "statistics": {
      "t": 10.124452939065103,
      "p": 8.012766829871997e-08,
      "d": 3.5174790752525187,
      "df": 14
    }
  },
  "memory_rate": {
    "amn": {
      "mean": 78.85577838486311,
      "ci": 2.3684540831793153,
      "values": [
        77.47283222863653,
        87.77956837493754,
        79.94331165610068,
        75.55761409838522,
        83.45468863083339,
        74.87245667012171,
        80.87722709901998,
        71.76938547970494,
        74.4216185946266,
        80.82681719065032,
        83.10155963598072,
        80.71974678099788,
        79.5142772139694,
        78.73536447852499,
        73.7902076404568
      ]
    },
    "baseline": {
      "mean": 47.87463090839713,
      "ci": 2.706138536621051,
      "values": [
        43.52490359131069,
        45.028295128433236,
        53.831308912069716,
        49.69298607949708,
        37.474367098896145,
        49.579687022489814,
        45.46652277358537,
        43.77385239822544,
        51.24772247527704,
        53.67979723047652,
        53.101424690873955,
        42.8325383653087,
        45.90656822006296,
        49.62132790214067,
        53.358161737309686
      ]
    },
    "statistics": {
      "t": 16.627319578276754,
      "p": 1.2933009670851154e-10,
      "d": 6.746916804026342,
      "df": 14
    },
    "relative_improvement": 64.71307848982694
  }
}